{
  "format_version": "1.8.0",
  "animations": {
    "animation.pa_model_fox_001_fi.new1": {
      "loop": true,
      "bones": {
        "Left_ear": {
          "scale": [
            0,
            0,
            1
          ]
        },
        "Right_ear": {
          "scale": [
            -0.09999999999999987,
            0.09999999999999992,
            0
          ]
        },
        "Tail": {
          "scale": [
            1,
            0,
            0
          ]
        }
      }
    },
    "animation.pa_model_fox_001_fi.": {
      "loop": true,
      "animation_length": 0.6667,
      "bones": {
        "Tail": {
          "rotation": {
            "0.0": [
              0,
              5.4,
              -2.83
            ],
            "0.0333": [
              0,
              0,
              0
            ],
            "0.0667": [
              0,
              -5.4,
              2.83
            ],
            "0.1": [
              0,
              -8.02,
              5.47
            ],
            "0.1333": [
              0,
              -9.28,
              7.73
            ],
            "0.1667": [
              0,
              -9.84,
              9.36
            ],
            "0.2": [
              0,
              -10,
              10
            ],
            "0.2333": [
              0,
              -9.84,
              9.36
            ],
            "0.2667": [
              0,
              -9.28,
              7.73
            ],
            "0.3": [
              0,
              -8.02,
              5.47
            ],
            "0.3333": [
              0,
              -5.4,
              2.83
            ],
            "0.3667": [
              0,
              0,
              0
            ],
            "0.4": [
              0,
              5.4,
              -2.83
            ],
            "0.4333": [
              0,
              8.02,
              -5.47
            ],
            "0.4667": [
              0,
              9.28,
              -7.73
            ],
            "0.5": [
              0,
              9.84,
              -9.36
            ],
            "0.5333": [
              0,
              10,
              -10
            ],
            "0.5667": [
              0,
              9.84,
              -9.36
            ],
            "0.6": [
              0,
              9.28,
              -7.73
            ],
            "0.6333": [
              0,
              8.02,
              -5.47
            ],
            "0.6667": [
              0,
              5.4,
              -2.83
            ]
          }
        },
        "Tail2": {
          "rotation": {
            "0.0": [
              0,
              10,
              0
            ],
            "0.0333": [
              0,
              9.84,
              0
            ],
            "0.0667": [
              0,
              9.28,
              0
            ],
            "0.1": [
              0,
              8.02,
              0
            ],
            "0.1333": [
              0,
              5.4,
              0
            ],
            "0.1667": [
              0,
              0,
              0
            ],
            "0.2": [
              0,
              -5.4,
              0
            ],
            "0.2333": [
              0,
              -8.02,
              0
            ],
            "0.2667": [
              0,
              -9.28,
              0
            ],
            "0.3": [
              0,
              -9.84,
              0
            ],
            "0.3333": [
              0,
              -10,
              0
            ],
            "0.3667": [
              0,
              -9.84,
              0
            ],
            "0.4": [
              0,
              -9.28,
              0
            ],
            "0.4333": [
              0,
              -8.02,
              0
            ],
            "0.4667": [
              0,
              -5.4,
              0
            ],
            "0.5": [
              0,
              0,
              0
            ],
            "0.5333": [
              0,
              5.4,
              0
            ],
            "0.5667": [
              0,
              8.02,
              0
            ],
            "0.6": [
              0,
              9.28,
              0
            ],
            "0.6333": [
              0,
              9.84,
              0
            ],
            "0.6667": [
              0,
              10,
              0
            ]
          }
        },
        "Tail3": {
          "rotation": {
            "0.0": [
              0,
              18.55,
              -15.46
            ],
            "0.0333": [
              0,
              19.69,
              -18.71
            ],
            "0.0667": [
              0,
              20,
              -20
            ],
            "0.1": [
              0,
              19.69,
              -18.71
            ],
            "0.1333": [
              0,
              18.55,
              -15.46
            ],
            "0.1667": [
              0,
              16.04,
              -10.94
            ],
            "0.2": [
              0,
              10.81,
              -5.65
            ],
            "0.2333": [
              0,
              0,
              0
            ],
            "0.2667": [
              0,
              -10.81,
              5.65
            ],
            "0.3": [
              0,
              -16.04,
              10.94
            ],
            "0.3333": [
              0,
              -18.55,
              15.46
            ],
            "0.3667": [
              0,
              -19.69,
              18.71
            ],
            "0.4": [
              0,
              -20,
              20
            ],
            "0.4333": [
              0,
              -19.69,
              18.71
            ],
            "0.4667": [
              0,
              -18.55,
              15.46
            ],
            "0.5": [
              0,
              -16.04,
              10.94
            ],
            "0.5333": [
              0,
              -10.81,
              5.65
            ],
            "0.5667": [
              0,
              0,
              0
            ],
            "0.6": [
              0,
              10.81,
              -5.65
            ],
            "0.6333": [
              0,
              16.04,
              -10.94
            ],
            "0.6667": [
              0,
              18.55,
              -15.46
            ]
          }
        },
        "Tail4": {
          "rotation": {
            "0.0": [
              0,
              10.81,
              0
            ],
            "0.0333": [
              0,
              16.04,
              0
            ],
            "0.0667": [
              0,
              18.55,
              0
            ],
            "0.1": [
              0,
              19.69,
              0
            ],
            "0.1333": [
              0,
              20,
              0
            ],
            "0.1667": [
              0,
              19.69,
              0
            ],
            "0.2": [
              0,
              18.55,
              0
            ],
            "0.2333": [
              0,
              16.04,
              0
            ],
            "0.2667": [
              0,
              10.81,
              0
            ],
            "0.3": [
              0,
              0,
              0
            ],
            "0.3333": [
              0,
              -10.81,
              0
            ],
            "0.3667": [
              0,
              -16.04,
              0
            ],
            "0.4": [
              0,
              -18.55,
              0
            ],